{"_wandb":{"runtime":57},"Train Loss":0.8251135821972655,"Grad Norm":4.065178917445515,"Start idx":8570,"_timestamp":1.72798958300769e+09,"_runtime":57.507041512,"_step":9}