{"_wandb":{"runtime":57},"Start idx":2190,"_timestamp":1.727989723415922e+09,"_runtime":57.708374417,"_step":9,"Train Loss":31.796057852676107,"Grad Norm":22.924421583181967}