{"_runtime":74.266657539,"_step":12,"Validation Loss":84.33939489497422,"_wandb":{"runtime":75},"Train Loss":0.3826649172732841,"Grad Norm":0.5871511608813521,"Start idx":42310,"_timestamp":1.727989887583071e+09}