{"_runtime":259.793553278,"_step":46,"_wandb":{"runtime":265},"Train Loss":0.30134622498121194,"Grad Norm":0.9079727129393795,"_timestamp":1.7279894424811778e+09}